<?xml version="1.0" encoding="UTF-8"?>
<!DOCTYPE mapper PUBLIC "-//mybatis.org//DTD Mapper 3.0//EN" "http://mybatis.org/dtd/mybatis-3-mapper.dtd">

<mapper namespace="com.demo.dao.InoutMapper">

    <resultMap id="BaseResultMap" type="com.demo.vo.Inout" >
            <result column="id" property="id" />
            <result column="inout_name" property="inoutName" />
            <result column="inout_jingrushijian" property="inoutJingrushijian" />
            <result column="inout_likaishijian" property="inoutLikaishijian" />
            <result column="inout_zhuangtai" property="inoutZhuangtai" />
            <result column="inout_text" property="inoutText" />
            <result column="create_by" property="createBy" />
    </resultMap>

    <sql id="Base_Column_List">
        `id`,`inout_name`,`inout_jingrushijian`,`inout_likaishijian`,`inout_zhuangtai`,`inout_text`,`create_by`
    </sql>

    <!--新增-->
    <insert id="doCreate" useGeneratedKeys="true" keyColumn="id" keyProperty="id" parameterType="com.demo.vo.Inout">
        INSERT INTO `t_inout`
        <trim prefix="(" suffix=")" suffixOverrides=",">
                    <if test ='id != null'>`id`,</if>
                    <if test ='inoutName != null'>`inout_name`,</if>
                    <if test ='inoutJingrushijian != null'>`inout_jingrushijian`,</if>
                    <if test ='inoutLikaishijian != null'>`inout_likaishijian`,</if>
                    <if test ='inoutZhuangtai != null'>`inout_zhuangtai`,</if>
                    <if test ='inoutText != null'>`inout_text`,</if>
                    <if test ='createBy != null'>`create_by`</if>
        </trim>
        <trim prefix="values (" suffix=")" suffixOverrides=",">
                    <if test ='id != null'>#{id},</if>
                    <if test ='inoutName != null'>#{inoutName},</if>
                    <if test ='inoutJingrushijian != null'>#{inoutJingrushijian},</if>
                    <if test ='inoutLikaishijian != null'>#{inoutLikaishijian},</if>
                    <if test ='inoutZhuangtai != null'>#{inoutZhuangtai},</if>
                    <if test ='inoutText != null'>#{inoutText},</if>
                    <if test ='createBy != null'>#{createBy}</if>
        </trim>
    </insert>

    <!--批量删除-->
    <delete id="doRemoveBatch" parameterType="java.util.Collection">
        DELETE FROM `t_inout` WHERE `id` IN
        <foreach collection="list" item="id" separator="," open="(" close=")">
            #{id}
        </foreach>
    </delete>

    <!--修改-->
    <update id="doUpdate" parameterType="com.demo.vo.Inout">
        UPDATE `t_inout`
        <set>
                <if test ='id != null'>`id` = #{id},</if>
                <if test ='inoutName != null'>`inout_name` = #{inoutName},</if>
                <if test ='inoutJingrushijian != null'>`inout_jingrushijian` = #{inoutJingrushijian},</if>
                <if test ='inoutLikaishijian != null'>`inout_likaishijian` = #{inoutLikaishijian},</if>
                <if test ='inoutZhuangtai != null'>`inout_zhuangtai` = #{inoutZhuangtai},</if>
                <if test ='inoutText != null'>`inout_text` = #{inoutText},</if>
                <if test ='createBy != null'>`create_by` = #{createBy}</if>
        </set>
        WHERE `id` = #{id}
    </update>

    <!--获取-->
    <select id="findById" resultMap="BaseResultMap">
        SELECT <include refid="Base_Column_List" /> FROM `t_inout` WHERE `id` = #{id}
    </select>

    <!--列表-->
    <select id="findAllSplit" parameterType="java.util.Map" resultMap="BaseResultMap">
        SELECT <include refid="Base_Column_List" /> FROM `t_inout`
        <where>
            <if test="searchColumn != null and searchColumn != '' and keyword != null and keyword != ''">
                ${searchColumn} LIKE CONCAT('%',#{keyword},'%')  AND
            </if>
            <if test="createBy != null and createBy != ''">
                `create_by` = #{createBy}  AND
            </if>
            <if test="id != null and id != ''">
                `id` = #{id}  AND
            </if>
            1=1
        </where>
        ORDER BY id ASC
        <if test="startIndex != null and pageSize != null">
            LIMIT #{startIndex},#{pageSize};
        </if>
    </select>
    <!--数量-->
    <select id="getAllCount" parameterType="java.util.Map" resultType="Integer">
        SELECT COUNT(*) FROM `t_inout`
        <where>
            <if test="searchColumn != null and searchColumn != '' and keyword != null and keyword != ''">
                ${searchColumn} LIKE CONCAT('%',#{keyword},'%')  AND
            </if>
            1=1
        </where>
    </select>
</mapper>
