<beans xmlns="http://www.springframework.org/schema/beans"
       xmlns:xsi="http://www.w3.org/2001/XMLSchema-instance"
       xmlns:mvc="http://www.springframework.org/schema/mvc"
       xmlns:context="http://www.springframework.org/schema/context"
       xsi:schemaLocation="http://www.springframework.org/schema/beans
  http://www.springframework.org/schema/beans/spring-beans-4.3.xsd 
  http://www.springframework.org/schema/mvc 
  http://www.springframework.org/schema/mvc/spring-mvc-4.3.xsd 
  http://www.springframework.org/schema/context 
  http://www.springframework.org/schema/context/spring-context-4.3.xsd">
    <!-- 配置包扫描器，扫描@Controller注解的类 -->
    <context:component-scan base-package="com.demo"/>
    <!-- 加载注解驱动 -->
    <mvc:annotation-driven/>
    <!--加载静态资源-->
    <mvc:resources mapping="/css/**" location="/css/"/>
    <mvc:resources mapping="/img/**" location="/img/"/>
	<mvc:resources mapping="/js/**" location="/js/"/>	

    <!-- 配置拦截器 -->
    <mvc:interceptors>
        <mvc:interceptor>
            <!-- 拦截所有的请求 -->
            <mvc:mapping path="/**"/>
            <!--自定义拦截器处理类-->
            <bean class="com.demo.util.LoginInterceptor"/>
        </mvc:interceptor>
    </mvc:interceptors>
</beans>