<?xml version="1.0" encoding="UTF-8"?>
<!DOCTYPE mapper PUBLIC "-//mybatis.org//DTD Mapper 3.0//EN" "http://mybatis.org/dtd/mybatis-3-mapper.dtd">

<mapper namespace="com.demo.dao.MessageMapper">

    <resultMap id="BaseResultMap" type="com.demo.vo.Message" >
            <result column="id" property="id" />
            <result column="message_name" property="messageName" />
            <result column="message_sex" property="messageSex" />
            <result column="message_idno" property="messageIdno" />
            <result column="message_tel" property="messageTel" />
            <result column="message_bir" property="messageBir" />
            <result column="message_zhuzhi" property="messageZhuzhi" />
            <result column="message_text" property="messageText" />
            <result column="create_by" property="createBy" />
    </resultMap>

    <sql id="Base_Column_List">
        `id`,`message_name`,`message_sex`,`message_idno`,`message_tel`,`message_bir`,`message_zhuzhi`,`message_text`,`create_by`
    </sql>

    <!--新增-->
    <insert id="doCreate" useGeneratedKeys="true" keyColumn="id" keyProperty="id" parameterType="com.demo.vo.Message">
        INSERT INTO `t_message`
        <trim prefix="(" suffix=")" suffixOverrides=",">
                    <if test ='id != null'>`id`,</if>
                    <if test ='messageName != null'>`message_name`,</if>
                    <if test ='messageSex != null'>`message_sex`,</if>
                    <if test ='messageIdno != null'>`message_idno`,</if>
                    <if test ='messageTel != null'>`message_tel`,</if>
                    <if test ='messageBir != null'>`message_bir`,</if>
                    <if test ='messageZhuzhi != null'>`message_zhuzhi`,</if>
                    <if test ='messageText != null'>`message_text`,</if>
                    <if test ='createBy != null'>`create_by`</if>
        </trim>
        <trim prefix="values (" suffix=")" suffixOverrides=",">
                    <if test ='id != null'>#{id},</if>
                    <if test ='messageName != null'>#{messageName},</if>
                    <if test ='messageSex != null'>#{messageSex},</if>
                    <if test ='messageIdno != null'>#{messageIdno},</if>
                    <if test ='messageTel != null'>#{messageTel},</if>
                    <if test ='messageBir != null'>#{messageBir},</if>
                    <if test ='messageZhuzhi != null'>#{messageZhuzhi},</if>
                    <if test ='messageText != null'>#{messageText},</if>
                    <if test ='createBy != null'>#{createBy}</if>
        </trim>
    </insert>

    <!--批量删除-->
    <delete id="doRemoveBatch" parameterType="java.util.Collection">
        DELETE FROM `t_message` WHERE `id` IN
        <foreach collection="list" item="id" separator="," open="(" close=")">
            #{id}
        </foreach>
    </delete>

    <!--修改-->
    <update id="doUpdate" parameterType="com.demo.vo.Message">
        UPDATE `t_message`
        <set>
                <if test ='id != null'>`id` = #{id},</if>
                <if test ='messageName != null'>`message_name` = #{messageName},</if>
                <if test ='messageSex != null'>`message_sex` = #{messageSex},</if>
                <if test ='messageIdno != null'>`message_idno` = #{messageIdno},</if>
                <if test ='messageTel != null'>`message_tel` = #{messageTel},</if>
                <if test ='messageBir != null'>`message_bir` = #{messageBir},</if>
                <if test ='messageZhuzhi != null'>`message_zhuzhi` = #{messageZhuzhi},</if>
                <if test ='messageText != null'>`message_text` = #{messageText},</if>
                <if test ='createBy != null'>`create_by` = #{createBy}</if>
        </set>
        WHERE `id` = #{id}
    </update>

    <!--获取-->
    <select id="findById" resultMap="BaseResultMap">
        SELECT <include refid="Base_Column_List" /> FROM `t_message` WHERE `id` = #{id}
    </select>

    <!--列表-->
    <select id="findAllSplit" parameterType="java.util.Map" resultMap="BaseResultMap">
        SELECT <include refid="Base_Column_List" /> FROM `t_message`
        <where>
            <if test="searchColumn != null and searchColumn != '' and keyword != null and keyword != ''">
                ${searchColumn} LIKE CONCAT('%',#{keyword},'%')  AND
            </if>
            <if test="createBy != null and createBy != ''">
                `create_by` = #{createBy}  AND
            </if>
            <if test="id != null and id != ''">
                `id` = #{id}  AND
            </if>
            1=1
        </where>
        ORDER BY id ASC
        <if test="startIndex != null and pageSize != null">
            LIMIT #{startIndex},#{pageSize};
        </if>
    </select>
    <!--数量-->
    <select id="getAllCount" parameterType="java.util.Map" resultType="Integer">
        SELECT COUNT(*) FROM `t_message`
        <where>
            <if test="searchColumn != null and searchColumn != '' and keyword != null and keyword != ''">
                ${searchColumn} LIKE CONCAT('%',#{keyword},'%')  AND
            </if>
            1=1
        </where>
    </select>
</mapper>
