<?xml version="1.0" encoding="UTF-8"?>
<!DOCTYPE mapper PUBLIC "-//mybatis.org//DTD Mapper 3.0//EN" "http://mybatis.org/dtd/mybatis-3-mapper.dtd">

<mapper namespace="com.demo.dao.RoomMapper">

    <resultMap id="BaseResultMap" type="com.demo.vo.Room" >
            <result column="id" property="id" />
            <result column="room_louhao" property="roomLouhao" />
            <result column="room_roomhao" property="roomRoomhao" />
            <result column="room_leixin" property="roomLeixin" />
            <result column="room_price" property="roomPrice" />
            <result column="room_name" property="roomName" />
            <result column="room_text" property="roomText" />
            <result column="create_by" property="createBy" />
    </resultMap>

    <sql id="Base_Column_List">
        `id`,`room_louhao`,`room_roomhao`,`room_leixin`,`room_price`,`room_name`,`room_text`,`create_by`
    </sql>

    <!--新增-->
    <insert id="doCreate" useGeneratedKeys="true" keyColumn="id" keyProperty="id" parameterType="com.demo.vo.Room">
        INSERT INTO `t_room`
        <trim prefix="(" suffix=")" suffixOverrides=",">
                    <if test ='id != null'>`id`,</if>
                    <if test ='roomLouhao != null'>`room_louhao`,</if>
                    <if test ='roomRoomhao != null'>`room_roomhao`,</if>
                    <if test ='roomLeixin != null'>`room_leixin`,</if>
                    <if test ='roomPrice != null'>`room_price`,</if>
                    <if test ='roomName != null'>`room_name`,</if>
                    <if test ='roomText != null'>`room_text`,</if>
                    <if test ='createBy != null'>`create_by`</if>
        </trim>
        <trim prefix="values (" suffix=")" suffixOverrides=",">
                    <if test ='id != null'>#{id},</if>
                    <if test ='roomLouhao != null'>#{roomLouhao},</if>
                    <if test ='roomRoomhao != null'>#{roomRoomhao},</if>
                    <if test ='roomLeixin != null'>#{roomLeixin},</if>
                    <if test ='roomPrice != null'>#{roomPrice},</if>
                    <if test ='roomName != null'>#{roomName},</if>
                    <if test ='roomText != null'>#{roomText},</if>
                    <if test ='createBy != null'>#{createBy}</if>
        </trim>
    </insert>

    <!--批量删除-->
    <delete id="doRemoveBatch" parameterType="java.util.Collection">
        DELETE FROM `t_room` WHERE `id` IN
        <foreach collection="list" item="id" separator="," open="(" close=")">
            #{id}
        </foreach>
    </delete>

    <!--修改-->
    <update id="doUpdate" parameterType="com.demo.vo.Room">
        UPDATE `t_room`
        <set>
                <if test ='id != null'>`id` = #{id},</if>
                <if test ='roomLouhao != null'>`room_louhao` = #{roomLouhao},</if>
                <if test ='roomRoomhao != null'>`room_roomhao` = #{roomRoomhao},</if>
                <if test ='roomLeixin != null'>`room_leixin` = #{roomLeixin},</if>
                <if test ='roomPrice != null'>`room_price` = #{roomPrice},</if>
                <if test ='roomName != null'>`room_name` = #{roomName},</if>
                <if test ='roomText != null'>`room_text` = #{roomText},</if>
                <if test ='createBy != null'>`create_by` = #{createBy}</if>
        </set>
        WHERE `id` = #{id}
    </update>

    <!--获取-->
    <select id="findById" resultMap="BaseResultMap">
        SELECT <include refid="Base_Column_List" /> FROM `t_room` WHERE `id` = #{id}
    </select>

    <!--列表-->
    <select id="findAllSplit" parameterType="java.util.Map" resultMap="BaseResultMap">
        SELECT <include refid="Base_Column_List" /> FROM `t_room`
        <where>
            <if test="searchColumn != null and searchColumn != '' and keyword != null and keyword != ''">
                ${searchColumn} LIKE CONCAT('%',#{keyword},'%')  AND
            </if>
            <if test="createBy != null and createBy != ''">
                `create_by` = #{createBy}  AND
            </if>
            <if test="id != null and id != ''">
                `id` = #{id}  AND
            </if>
            1=1
        </where>
        ORDER BY id ASC
        <if test="startIndex != null and pageSize != null">
            LIMIT #{startIndex},#{pageSize};
        </if>
    </select>
    <!--数量-->
    <select id="getAllCount" parameterType="java.util.Map" resultType="Integer">
        SELECT COUNT(*) FROM `t_room`
        <where>
            <if test="searchColumn != null and searchColumn != '' and keyword != null and keyword != ''">
                ${searchColumn} LIKE CONCAT('%',#{keyword},'%')  AND
            </if>
            1=1
        </where>
    </select>
</mapper>
